Date,Product,Demand,Inventory,Price,Sales,Risk_Score,Supplier_Lead_Time,Forecast_Accuracy,High_Risk
2024-01-01,Product A,150,500,45.99,6898.5,2.5,7,0.92,0
2024-01-02,Product B,200,450,32.5,6500.0,3.2,5,0.88,1
2024-01-03,Product C,120,600,55.0,6600.0,1.8,10,0.95,0
2024-01-04,Product D,180,380,28.75,5175.0,4.1,8,0.85,1
2024-01-05,Product A,165,485,46.0,7590.0,2.3,7,0.93,0
2024-01-06,Product B,210,430,32.5,6825.0,3.5,5,0.87,1
2024-01-07,Product C,130,570,55.0,7150.0,2.0,10,0.94,0
2024-01-08,Product D,175,380,28.75,5031.25,4.0,8,0.86,1
2024-01-09,Product A,160,480,45.99,7358.4,2.4,7,0.92,0
2024-01-10,Product B,195,445,32.5,6337.5,3.0,5,0.89,1
2024-01-11,Product C,125,585,55.0,6875.0,1.9,10,0.95,0
2024-01-12,Product D,190,370,28.75,5462.5,4.3,8,0.84,1
2024-01-13,Product A,170,490,46.0,7820.0,2.6,7,0.91,0
2024-01-14,Product B,205,440,32.5,6662.5,3.4,5,0.88,1
2024-01-15,Product C,135,575,55.0,7425.0,2.1,10,0.93,0
2024-01-16,Product D,185,375,28.75,5318.75,4.2,8,0.85,1
2024-01-17,Product A,155,495,45.99,7128.45,2.5,7,0.92,0
2024-01-18,Product B,215,425,32.5,6987.5,3.6,5,0.86,1
2024-01-19,Product C,140,570,55.0,7700.0,2.0,10,0.94,0
2024-01-20,Product D,180,380,28.75,5175.0,4.1,8,0.85,1
2024-01-21,Product A,162,488,46.0,7452.0,2.3,7,0.93,0
2024-01-22,Product B,200,450,32.5,6500.0,3.2,5,0.88,1
2024-01-23,Product C,128,582,55.0,7040.0,1.9,10,0.95,0
2024-01-24,Product D,188,372,28.75,5409.0,4.1,8,0.85,1
2024-01-25,Product A,168,492,45.99,7726.32,2.4,7,0.92,0
2024-01-26,Product B,208,438,32.5,6760.0,3.3,5,0.89,1
2024-01-27,Product C,132,578,55.0,7260.0,2.0,10,0.94,0
2024-01-28,Product D,182,378,28.75,5242.5,4.0,8,0.86,1
2024-01-29,Product A,158,486,46.0,7268.0,2.5,7,0.92,0
2024-01-30,Product B,212,432,32.5,6885.0,3.5,5,0.87,1
2024-01-31,Product C,138,568,55.0,7590.0,2.1,10,0.93,0
2024-02-01,Product D,192,368,28.75,5520.0,4.2,8,0.84,1
2024-02-02,Product A,172,494,45.99,7911.28,2.6,7,0.91,0
2024-02-03,Product B,198,452,32.5,6435.0,3.1,5,0.88,1
2024-02-04,Product C,125,585,55.0,6875.0,1.9,10,0.95,0
2024-02-05,Product D,186,376,28.75,5351.5,4.1,8,0.85,1
2024-02-06,Product A,166,490,46.0,7636.0,2.4,7,0.92,0
2024-02-07,Product B,207,440,32.5,6727.5,3.2,5,0.89,1
2024-02-08,Product C,133,576,55.0,7315.0,2.0,10,0.94,0
2024-02-09,Product D,180,380,28.75,5175.0,4.0,8,0.86,1
2024-02-10,Product A,160,488,45.99,7358.4,2.5,7,0.92,0
2024-02-11,Product B,210,442,32.5,6825.0,3.4,5,0.88,1
2024-02-12,Product C,128,582,55.0,7040.0,1.9,10,0.95,0
2024-02-13,Product D,189,371,28.75,5435.75,4.2,8,0.85,1
2024-02-14,Product A,174,496,46.0,8004.0,2.6,7,0.91,0
2024-02-15,Product B,204,448,32.5,6630.0,3.3,5,0.89,1
2024-02-16,Product C,136,572,55.0,7480.0,2.1,10,0.93,0
2024-02-17,Product D,184,378,28.75,5291.0,4.1,8,0.85,1
2024-02-18,Product A,164,492,45.99,7538.36,2.4,7,0.92,0
2024-02-19,Product B,213,430,32.5,6922.5,3.6,5,0.86,1
2024-02-20,Product C,141,565,55.0,7755.0,2.0,10,0.94,0
2024-02-21,Product D,191,369,28.75,5489.25,4.2,8,0.85,1
2024-02-22,Product A,169,494,46.0,7774.0,2.5,7,0.92,0
2024-02-23,Product B,206,442,32.5,6695.0,3.2,5,0.89,1
2024-02-24,Product C,130,580,55.0,7150.0,2.0,10,0.94,0
2024-02-25,Product D,186,376,28.75,5351.5,4.0,8,0.86,1
2024-02-26,Product A,161,489,45.99,7393.39,2.5,7,0.92,0
2024-02-27,Product B,211,441,32.5,6857.5,3.3,5,0.89,1
2024-02-28,Product C,134,574,55.0,7370.0,2.0,10,0.94,0
2024-02-29,Product D,187,375,28.75,5378.25,4.1,8,0.85,1
2024-03-01,Product A,171,495,46.0,7866.0,2.5,7,0.92,0
2024-03-02,Product B,209,444,32.5,6792.5,3.4,5,0.88,1
2024-03-03,Product C,129,581,55.0,7095.0,1.9,10,0.95,0
2024-03-04,Product D,188,372,28.75,5409.0,4.1,8,0.85,1
2024-03-05,Product A,167,492,45.99,7678.33,2.4,7,0.92,0
2024-03-06,Product B,207,443,32.5,6727.5,3.2,5,0.89,1
2024-03-07,Product C,136,572,55.0,7480.0,2.1,10,0.93,0
2024-03-08,Product D,183,379,28.75,5264.25,4.0,8,0.86,1
2024-03-09,Product A,163,490,46.0,7498.0,2.5,7,0.92,0
2024-03-10,Product B,214,430,32.5,6955.0,3.6,5,0.86,1
